{
    "0": {
        "precision": 0.9039993811402491,
        "recall": 0.9170524994114416,
        "f1-score": 0.9104791585508376,
        "support": 12743.0
    },
    "1": {
        "precision": 0.8508957539850472,
        "recall": 0.8293688986663,
        "f1-score": 0.8399944297451608,
        "support": 7273.0
    },
    "accuracy": 0.8851918465227818,
    "macro avg": {
        "precision": 0.8774475675626482,
        "recall": 0.8732106990388708,
        "f1-score": 0.8752367941479993,
        "support": 20016.0
    },
    "weighted avg": {
        "precision": 0.8847036836832256,
        "recall": 0.8851918465227818,
        "f1-score": 0.8848678759467365,
        "support": 20016.0
    }
}