{
    "0": {
        "precision": 0.96,
        "recall": 0.384,
        "f1-score": 0.5485714285714286,
        "support": 375.0
    },
    "1": {
        "precision": 0.8738853503184714,
        "recall": 0.6825870646766169,
        "f1-score": 0.7664804469273743,
        "support": 1005.0
    },
    "2": {
        "precision": 0.9303867403314917,
        "recall": 0.9063509149623251,
        "f1-score": 0.9182115594329335,
        "support": 929.0
    },
    "3": {
        "precision": 0.9023861171366594,
        "recall": 0.41977800201816345,
        "f1-score": 0.5730027548209367,
        "support": 991.0
    },
    "4": {
        "precision": 0.6463620981387479,
        "recall": 0.7527093596059113,
        "f1-score": 0.6954938552571689,
        "support": 1015.0
    },
    "5": {
        "precision": 0.9903846153846154,
        "recall": 0.12189349112426036,
        "f1-score": 0.21707060063224448,
        "support": 845.0
    },
    "6": {
        "precision": 0.3125810635538262,
        "recall": 0.977027027027027,
        "f1-score": 0.4736324926301998,
        "support": 740.0
    },
    "accuracy": 0.6233898305084746,
    "macro avg": {
        "precision": 0.8022837121234015,
        "recall": 0.606335122773472,
        "f1-score": 0.5989233054674694,
        "support": 5900.0
    },
    "weighted avg": {
        "precision": 0.8001849521290015,
        "recall": 0.6233898305084746,
        "f1-score": 0.6163949777599426,
        "support": 5900.0
    }
}